founded_date,fund_code,fund_name,fund_type,fund_company,raised_shares_100m,estimated_raised_amount_100m,source,method_note
20260429,027270,财信价值精选混合发起式A,混合型-偏股,财信基金,0.11,0.11,天天基金新成立基金 / AKShare,募集份额单位为亿份；按常见初始面值1元/份近似估算募集规模，非存续期每日净申购额
20260429,027271,财信价值精选混合发起式C,混合型-偏股,财信基金,0.11,0.11,天天基金新成立基金 / AKShare,募集份额单位为亿份；按常见初始面值1元/份近似估算募集规模，非存续期每日净申购额
20260429,027274,天弘中证电池主题指数发起A,指数型-股票,天弘基金,0.1,0.1,天天基金新成立基金 / AKShare,募集份额单位为亿份；按常见初始面值1元/份近似估算募集规模，非存续期每日净申购额
20260429,027275,天弘中证电池主题指数发起C,指数型-股票,天弘基金,0.1,0.1,天天基金新成立基金 / AKShare,募集份额单位为亿份；按常见初始面值1元/份近似估算募集规模，非存续期每日净申购额
20260429,027344,国泰瑞锦债券发起A,债券型-混合二级,国泰基金,0.1,0.1,天天基金新成立基金 / AKShare,募集份额单位为亿份；按常见初始面值1元/份近似估算募集规模，非存续期每日净申购额
20260429,027345,国泰瑞锦债券发起C,债券型-混合二级,国泰基金,0.1,0.1,天天基金新成立基金 / AKShare,募集份额单位为亿份；按常见初始面值1元/份近似估算募集规模，非存续期每日净申购额
20260430,026208,金元顺安丰惠债券A,债券型-混合二级,金元顺安基金,3.67,3.67,天天基金新成立基金 / AKShare,募集份额单位为亿份；按常见初始面值1元/份近似估算募集规模，非存续期每日净申购额
20260430,026209,金元顺安丰惠债券C,债券型-混合二级,金元顺安基金,3.67,3.67,天天基金新成立基金 / AKShare,募集份额单位为亿份；按常见初始面值1元/份近似估算募集规模，非存续期每日净申购额
20260430,026246,汇丰晋信港股精选股票(QDII)人民币A,QDII-普通股票,汇丰晋信基金,3.37,3.37,天天基金新成立基金 / AKShare,募集份额单位为亿份；按常见初始面值1元/份近似估算募集规模，非存续期每日净申购额
20260430,026247,汇丰晋信港股精选股票(QDII)人民币C,QDII-普通股票,汇丰晋信基金,3.37,3.37,天天基金新成立基金 / AKShare,募集份额单位为亿份；按常见初始面值1元/份近似估算募集规模，非存续期每日净申购额
20260430,026831,东吴优利债券A,债券型-混合二级,东吴基金,4.22,4.22,天天基金新成立基金 / AKShare,募集份额单位为亿份；按常见初始面值1元/份近似估算募集规模，非存续期每日净申购额
20260430,026832,东吴优利债券C,债券型-混合二级,东吴基金,4.22,4.22,天天基金新成立基金 / AKShare,募集份额单位为亿份；按常见初始面值1元/份近似估算募集规模，非存续期每日净申购额
20260430,026874,人保新锐智选混合A,混合型-偏股,人保资产,3.51,3.51,天天基金新成立基金 / AKShare,募集份额单位为亿份；按常见初始面值1元/份近似估算募集规模，非存续期每日净申购额
20260430,026875,人保新锐智选混合C,混合型-偏股,人保资产,3.51,3.51,天天基金新成立基金 / AKShare,募集份额单位为亿份；按常见初始面值1元/份近似估算募集规模，非存续期每日净申购额
20260507,026338,国泰盈享配置6个月持有混合发起(FOF)A,FOF-稳健型,国泰基金,1.07,1.07,天天基金新成立基金 / AKShare,募集份额单位为亿份；按常见初始面值1元/份近似估算募集规模，非存续期每日净申购额
20260507,026339,国泰盈享配置6个月持有混合发起(FOF)C,FOF-稳健型,国泰基金,1.07,1.07,天天基金新成立基金 / AKShare,募集份额单位为亿份；按常见初始面值1元/份近似估算募集规模，非存续期每日净申购额
20260507,026768,华泰保兴沪深300指数增强A,指数型-股票,华泰保兴基金,6.88,6.88,天天基金新成立基金 / AKShare,募集份额单位为亿份；按常见初始面值1元/份近似估算募集规模，非存续期每日净申购额
20260507,026769,华泰保兴沪深300指数增强C,指数型-股票,华泰保兴基金,6.88,6.88,天天基金新成立基金 / AKShare,募集份额单位为亿份；按常见初始面值1元/份近似估算募集规模，非存续期每日净申购额
20260507,026780,华泰保兴中证800指数增强A,指数型-股票,华泰保兴基金,3.81,3.81,天天基金新成立基金 / AKShare,募集份额单位为亿份；按常见初始面值1元/份近似估算募集规模，非存续期每日净申购额
20260507,026781,华泰保兴中证800指数增强C,指数型-股票,华泰保兴基金,3.81,3.81,天天基金新成立基金 / AKShare,募集份额单位为亿份；按常见初始面值1元/份近似估算募集规模，非存续期每日净申购额
20260508,026884,招商港股通科技ETF联接A,指数型-股票,招商基金,0.22,0.22,天天基金新成立基金 / AKShare,募集份额单位为亿份；按常见初始面值1元/份近似估算募集规模，非存续期每日净申购额
20260508,026885,招商港股通科技ETF联接C,指数型-股票,招商基金,0.22,0.22,天天基金新成立基金 / AKShare,募集份额单位为亿份；按常见初始面值1元/份近似估算募集规模，非存续期每日净申购额
20260508,027235,交银智远量化选股股票发起,股票型,交银施罗德基,0.1,0.1,天天基金新成立基金 / AKShare,募集份额单位为亿份；按常见初始面值1元/份近似估算募集规模，非存续期每日净申购额
20260508,027276,天弘中证港股通医疗主题指数发起A,指数型-股票,天弘基金,0.1,0.1,天天基金新成立基金 / AKShare,募集份额单位为亿份；按常见初始面值1元/份近似估算募集规模，非存续期每日净申购额
20260508,027277,天弘中证港股通医疗主题指数发起C,指数型-股票,天弘基金,0.1,0.1,天天基金新成立基金 / AKShare,募集份额单位为亿份；按常见初始面值1元/份近似估算募集规模，非存续期每日净申购额
20260508,027328,浦银安盛半导体产业混合A,混合型-偏股,浦银安盛基金,0.19,0.19,天天基金新成立基金 / AKShare,募集份额单位为亿份；按常见初始面值1元/份近似估算募集规模，非存续期每日净申购额
20260508,027329,浦银安盛半导体产业混合C,混合型-偏股,浦银安盛基金,0.19,0.19,天天基金新成立基金 / AKShare,募集份额单位为亿份；按常见初始面值1元/份近似估算募集规模，非存续期每日净申购额
20260508,027381,浦银安盛产业机遇混合A,混合型-偏股,浦银安盛基金,0.13,0.13,天天基金新成立基金 / AKShare,募集份额单位为亿份；按常见初始面值1元/份近似估算募集规模，非存续期每日净申购额
20260508,027382,浦银安盛产业机遇混合C,混合型-偏股,浦银安盛基金,0.13,0.13,天天基金新成立基金 / AKShare,募集份额单位为亿份；按常见初始面值1元/份近似估算募集规模，非存续期每日净申购额
20260512,027420,东方红恒悦精选混合发起A,混合型-偏债,东方红资产管,0.12,0.12,天天基金新成立基金 / AKShare,募集份额单位为亿份；按常见初始面值1元/份近似估算募集规模，非存续期每日净申购额
20260512,027421,东方红恒悦精选混合发起C,混合型-偏债,东方红资产管,0.12,0.12,天天基金新成立基金 / AKShare,募集份额单位为亿份；按常见初始面值1元/份近似估算募集规模，非存续期每日净申购额
20260515,027051,诺安科技智选混合A,混合型-偏股,诺安基金,31.88,31.88,天天基金新成立基金 / AKShare,募集份额单位为亿份；按常见初始面值1元/份近似估算募集规模，非存续期每日净申购额
20260515,027052,诺安科技智选混合C,混合型-偏股,诺安基金,31.88,31.88,天天基金新成立基金 / AKShare,募集份额单位为亿份；按常见初始面值1元/份近似估算募集规模，非存续期每日净申购额
20260515,027137,广发红利低波指数A,指数型-股票,广发基金,0.99,0.99,天天基金新成立基金 / AKShare,募集份额单位为亿份；按常见初始面值1元/份近似估算募集规模，非存续期每日净申购额
20260515,027138,广发红利低波指数C,指数型-股票,广发基金,0.99,0.99,天天基金新成立基金 / AKShare,募集份额单位为亿份；按常见初始面值1元/份近似估算募集规模，非存续期每日净申购额
20260515,027452,鑫元国证石油天然气指数发起式A,指数型-股票,鑫元基金,0.1,0.1,天天基金新成立基金 / AKShare,募集份额单位为亿份；按常见初始面值1元/份近似估算募集规模，非存续期每日净申购额
20260515,027453,鑫元国证石油天然气指数发起式C,指数型-股票,鑫元基金,0.1,0.1,天天基金新成立基金 / AKShare,募集份额单位为亿份；按常见初始面值1元/份近似估算募集规模，非存续期每日净申购额
20260518,027377,鹏扬周期优选混合发起式A,混合型-偏股,鹏扬基金,0.43,0.43,天天基金新成立基金 / AKShare,募集份额单位为亿份；按常见初始面值1元/份近似估算募集规模，非存续期每日净申购额
20260518,027378,鹏扬周期优选混合发起式C,混合型-偏股,鹏扬基金,0.43,0.43,天天基金新成立基金 / AKShare,募集份额单位为亿份；按常见初始面值1元/份近似估算募集规模，非存续期每日净申购额
20260518,027459,湘财久恒30天滚动持有债券A,债券型-长债,湘财基金,3.0,3.0,天天基金新成立基金 / AKShare,募集份额单位为亿份；按常见初始面值1元/份近似估算募集规模，非存续期每日净申购额
20260518,027460,湘财久恒30天滚动持有债券C,债券型-长债,湘财基金,3.0,3.0,天天基金新成立基金 / AKShare,募集份额单位为亿份；按常见初始面值1元/份近似估算募集规模，非存续期每日净申购额
20260519,026664,建信国证新能源车电池ETF发起式联接A,指数型-股票,建信基金,7.04,7.04,天天基金新成立基金 / AKShare,募集份额单位为亿份；按常见初始面值1元/份近似估算募集规模，非存续期每日净申购额
20260519,026665,建信国证新能源车电池ETF发起式联接C,指数型-股票,建信基金,7.04,7.04,天天基金新成立基金 / AKShare,募集份额单位为亿份；按常见初始面值1元/份近似估算募集规模，非存续期每日净申购额
20260519,026766,鹏华上证科创板50成份ETF发起式联接A,指数型-股票,鹏华基金,0.17,0.17,天天基金新成立基金 / AKShare,募集份额单位为亿份；按常见初始面值1元/份近似估算募集规模，非存续期每日净申购额
20260519,026767,鹏华上证科创板50成份ETF发起式联接C,指数型-股票,鹏华基金,0.17,0.17,天天基金新成立基金 / AKShare,募集份额单位为亿份；按常见初始面值1元/份近似估算募集规模，非存续期每日净申购额
20260519,026974,兴业中证电池主题指数A,指数型-股票,兴业基金,9.03,9.03,天天基金新成立基金 / AKShare,募集份额单位为亿份；按常见初始面值1元/份近似估算募集规模，非存续期每日净申购额
20260519,026975,兴业中证电池主题指数C,指数型-股票,兴业基金,9.03,9.03,天天基金新成立基金 / AKShare,募集份额单位为亿份；按常见初始面值1元/份近似估算募集规模，非存续期每日净申购额
20260519,027229,万家价值回报混合发起式A,混合型-偏股,万家基金,0.98,0.98,天天基金新成立基金 / AKShare,募集份额单位为亿份；按常见初始面值1元/份近似估算募集规模，非存续期每日净申购额
20260519,027230,万家价值回报混合发起式C,混合型-偏股,万家基金,0.98,0.98,天天基金新成立基金 / AKShare,募集份额单位为亿份；按常见初始面值1元/份近似估算募集规模，非存续期每日净申购额
20260519,027287,富国中证畜牧养殖产业指数发起式A,指数型-股票,富国基金,0.52,0.52,天天基金新成立基金 / AKShare,募集份额单位为亿份；按常见初始面值1元/份近似估算募集规模，非存续期每日净申购额
20260519,027288,富国中证畜牧养殖产业指数发起式C,指数型-股票,富国基金,0.52,0.52,天天基金新成立基金 / AKShare,募集份额单位为亿份；按常见初始面值1元/份近似估算募集规模，非存续期每日净申购额
20260519,027301,苏新睿哲量化选股混合A,混合型-偏股,苏新基金,13.71,13.71,天天基金新成立基金 / AKShare,募集份额单位为亿份；按常见初始面值1元/份近似估算募集规模，非存续期每日净申购额
20260519,027302,苏新睿哲量化选股混合C,混合型-偏股,苏新基金,13.71,13.71,天天基金新成立基金 / AKShare,募集份额单位为亿份；按常见初始面值1元/份近似估算募集规模，非存续期每日净申购额
20260519,027414,华泰保兴北证50成份指数增强发起A,指数型-股票,华泰保兴基金,0.12,0.12,天天基金新成立基金 / AKShare,募集份额单位为亿份；按常见初始面值1元/份近似估算募集规模，非存续期每日净申购额
20260519,027415,华泰保兴北证50成份指数增强发起C,指数型-股票,华泰保兴基金,0.12,0.12,天天基金新成立基金 / AKShare,募集份额单位为亿份；按常见初始面值1元/份近似估算募集规模，非存续期每日净申购额
20260520,026789,中欧上证科创板人工智能指数A,指数型-股票,中欧基金,17.61,17.61,天天基金新成立基金 / AKShare,募集份额单位为亿份；按常见初始面值1元/份近似估算募集规模，非存续期每日净申购额
20260520,026790,中欧上证科创板人工智能指数C,指数型-股票,中欧基金,17.61,17.61,天天基金新成立基金 / AKShare,募集份额单位为亿份；按常见初始面值1元/份近似估算募集规模，非存续期每日净申购额
20260521,026329,长盛品质成长混合A,混合型-偏股,长盛基金,10.55,10.55,天天基金新成立基金 / AKShare,募集份额单位为亿份；按常见初始面值1元/份近似估算募集规模，非存续期每日净申购额
20260521,026330,长盛品质成长混合C,混合型-偏股,长盛基金,10.55,10.55,天天基金新成立基金 / AKShare,募集份额单位为亿份；按常见初始面值1元/份近似估算募集规模，非存续期每日净申购额
20260521,026914,渤海汇金多元积极配置3个月持有混合发起(ETF-FOF)A,FOF-进取型,渤海汇金,0.93,0.93,天天基金新成立基金 / AKShare,募集份额单位为亿份；按常见初始面值1元/份近似估算募集规模，非存续期每日净申购额
20260521,026915,渤海汇金多元积极配置3个月持有混合发起(ETF-FOF)C,FOF-进取型,渤海汇金,0.93,0.93,天天基金新成立基金 / AKShare,募集份额单位为亿份；按常见初始面值1元/份近似估算募集规模，非存续期每日净申购额
20260521,027367,富国国证石油天然气ETF发起式联接A,指数型-股票,富国基金,0.14,0.14,天天基金新成立基金 / AKShare,募集份额单位为亿份；按常见初始面值1元/份近似估算募集规模，非存续期每日净申购额
20260521,027368,富国国证石油天然气ETF发起式联接C,指数型-股票,富国基金,0.14,0.14,天天基金新成立基金 / AKShare,募集份额单位为亿份；按常见初始面值1元/份近似估算募集规模，非存续期每日净申购额
20260521,027369,万家港股通价值混合发起式A,混合型-偏股,万家基金,0.1,0.1,天天基金新成立基金 / AKShare,募集份额单位为亿份；按常见初始面值1元/份近似估算募集规模，非存续期每日净申购额
20260521,027370,万家港股通价值混合发起式C,混合型-偏股,万家基金,0.1,0.1,天天基金新成立基金 / AKShare,募集份额单位为亿份；按常见初始面值1元/份近似估算募集规模，非存续期每日净申购额
20260522,027129,泉果科技领航混合发起式A,混合型-偏股,泉果基金,17.4,17.4,天天基金新成立基金 / AKShare,募集份额单位为亿份；按常见初始面值1元/份近似估算募集规模，非存续期每日净申购额
20260522,027130,泉果科技领航混合发起式C,混合型-偏股,泉果基金,17.4,17.4,天天基金新成立基金 / AKShare,募集份额单位为亿份；按常见初始面值1元/份近似估算募集规模，非存续期每日净申购额
20260522,027215,中加科技视野智选混合发起式A,混合型-偏股,中加基金,0.1,0.1,天天基金新成立基金 / AKShare,募集份额单位为亿份；按常见初始面值1元/份近似估算募集规模，非存续期每日净申购额
20260522,027216,中加科技视野智选混合发起式C,混合型-偏股,中加基金,0.1,0.1,天天基金新成立基金 / AKShare,募集份额单位为亿份；按常见初始面值1元/份近似估算募集规模，非存续期每日净申购额
20260522,027416,中欧元利债券A,债券型-混合二级,中欧基金,2.19,2.19,天天基金新成立基金 / AKShare,募集份额单位为亿份；按常见初始面值1元/份近似估算募集规模，非存续期每日净申购额
20260522,027417,中欧元利债券C,债券型-混合二级,中欧基金,2.19,2.19,天天基金新成立基金 / AKShare,募集份额单位为亿份；按常见初始面值1元/份近似估算募集规模，非存续期每日净申购额
20260525,026232,渤海汇金中证同业存单AAA指数7天持有发起,指数型-固收,渤海汇金,10.12,10.12,天天基金新成立基金 / AKShare,募集份额单位为亿份；按常见初始面值1元/份近似估算募集规模，非存续期每日净申购额
20260525,027127,国泰中证港股通互联网ETF发起联接A,指数型-股票,国泰基金,0.61,0.61,天天基金新成立基金 / AKShare,募集份额单位为亿份；按常见初始面值1元/份近似估算募集规模，非存续期每日净申购额
20260525,027128,国泰中证港股通互联网ETF发起联接C,指数型-股票,国泰基金,0.61,0.61,天天基金新成立基金 / AKShare,募集份额单位为亿份；按常见初始面值1元/份近似估算募集规模，非存续期每日净申购额
20260525,027444,中信保诚新能源混合发起式A,混合型-偏股,中信保诚基金,0.11,0.11,天天基金新成立基金 / AKShare,募集份额单位为亿份；按常见初始面值1元/份近似估算募集规模，非存续期每日净申购额
20260525,027445,中信保诚新能源混合发起式C,混合型-偏股,中信保诚基金,0.11,0.11,天天基金新成立基金 / AKShare,募集份额单位为亿份；按常见初始面值1元/份近似估算募集规模，非存续期每日净申购额
20260526,026334,鹏扬辰利债券A,债券型-混合二级,鹏扬基金,9.14,9.14,天天基金新成立基金 / AKShare,募集份额单位为亿份；按常见初始面值1元/份近似估算募集规模，非存续期每日净申购额
20260526,026335,鹏扬辰利债券C,债券型-混合二级,鹏扬基金,9.14,9.14,天天基金新成立基金 / AKShare,募集份额单位为亿份；按常见初始面值1元/份近似估算募集规模，非存续期每日净申购额
20260526,026365,招商周期精选混合A,混合型-偏股,招商基金,4.33,4.33,天天基金新成立基金 / AKShare,募集份额单位为亿份；按常见初始面值1元/份近似估算募集规模，非存续期每日净申购额
20260526,026366,招商周期精选混合C,混合型-偏股,招商基金,4.33,4.33,天天基金新成立基金 / AKShare,募集份额单位为亿份；按常见初始面值1元/份近似估算募集规模，非存续期每日净申购额
20260526,026694,易方达港股通周期精选混合A,混合型-偏股,易方达基金,16.5,16.5,天天基金新成立基金 / AKShare,募集份额单位为亿份；按常见初始面值1元/份近似估算募集规模，非存续期每日净申购额
20260526,026695,易方达港股通周期精选混合C,混合型-偏股,易方达基金,16.5,16.5,天天基金新成立基金 / AKShare,募集份额单位为亿份；按常见初始面值1元/份近似估算募集规模，非存续期每日净申购额
20260526,026726,中信保诚恒生港股通科技指数A,指数型-股票,中信保诚基金,8.48,8.48,天天基金新成立基金 / AKShare,募集份额单位为亿份；按常见初始面值1元/份近似估算募集规模，非存续期每日净申购额
20260526,026727,中信保诚恒生港股通科技指数C,指数型-股票,中信保诚基金,8.48,8.48,天天基金新成立基金 / AKShare,募集份额单位为亿份；按常见初始面值1元/份近似估算募集规模，非存续期每日净申购额
20260526,026795,鹏华恒生ETF联接A,指数型-股票,鹏华基金,5.61,5.61,天天基金新成立基金 / AKShare,募集份额单位为亿份；按常见初始面值1元/份近似估算募集规模，非存续期每日净申购额
20260526,026796,鹏华恒生ETF联接C,指数型-股票,鹏华基金,5.61,5.61,天天基金新成立基金 / AKShare,募集份额单位为亿份；按常见初始面值1元/份近似估算募集规模，非存续期每日净申购额
20260526,026867,广发汇智量化选股混合A,混合型-偏股,广发基金,23.7,23.7,天天基金新成立基金 / AKShare,募集份额单位为亿份；按常见初始面值1元/份近似估算募集规模，非存续期每日净申购额
20260526,026868,广发汇智量化选股混合C,混合型-偏股,广发基金,23.7,23.7,天天基金新成立基金 / AKShare,募集份额单位为亿份；按常见初始面值1元/份近似估算募集规模，非存续期每日净申购额
20260526,027041,富国港股通医药优选混合A,混合型-偏股,富国基金,8.51,8.51,天天基金新成立基金 / AKShare,募集份额单位为亿份；按常见初始面值1元/份近似估算募集规模，非存续期每日净申购额
20260526,027042,富国港股通医药优选混合C,混合型-偏股,富国基金,8.51,8.51,天天基金新成立基金 / AKShare,募集份额单位为亿份；按常见初始面值1元/份近似估算募集规模，非存续期每日净申购额
20260526,027133,华安恒生生物科技ETF发起式联接A,指数型-股票,华安基金,0.12,0.12,天天基金新成立基金 / AKShare,募集份额单位为亿份；按常见初始面值1元/份近似估算募集规模，非存续期每日净申购额
20260526,027134,华安恒生生物科技ETF发起式联接C,指数型-股票,华安基金,0.12,0.12,天天基金新成立基金 / AKShare,募集份额单位为亿份；按常见初始面值1元/份近似估算募集规模，非存续期每日净申购额
20260526,027160,兴全中证全指增强发起式A,指数型-股票,兴证全球基金,1.27,1.27,天天基金新成立基金 / AKShare,募集份额单位为亿份；按常见初始面值1元/份近似估算募集规模，非存续期每日净申购额
20260526,027161,兴全中证全指增强发起式C,指数型-股票,兴证全球基金,1.27,1.27,天天基金新成立基金 / AKShare,募集份额单位为亿份；按常见初始面值1元/份近似估算募集规模，非存续期每日净申购额
20260526,027201,华泰柏瑞嘉锐量化选股混合A,混合型-偏股,华泰柏瑞基金,30.6,30.6,天天基金新成立基金 / AKShare,募集份额单位为亿份；按常见初始面值1元/份近似估算募集规模，非存续期每日净申购额
20260526,027202,华泰柏瑞嘉锐量化选股混合C,混合型-偏股,华泰柏瑞基金,30.6,30.6,天天基金新成立基金 / AKShare,募集份额单位为亿份；按常见初始面值1元/份近似估算募集规模，非存续期每日净申购额
20260526,027245,汇添富医疗创新混合发起式A,混合型-偏股,汇添富基金,1.5,1.5,天天基金新成立基金 / AKShare,募集份额单位为亿份；按常见初始面值1元/份近似估算募集规模，非存续期每日净申购额
20260526,027246,汇添富医疗创新混合发起式C,混合型-偏股,汇添富基金,1.5,1.5,天天基金新成立基金 / AKShare,募集份额单位为亿份；按常见初始面值1元/份近似估算募集规模，非存续期每日净申购额
20260527,026748,上银中证沪港深互联网指数发起式A,指数型-股票,上银基金,0.36,0.36,天天基金新成立基金 / AKShare,募集份额单位为亿份；按常见初始面值1元/份近似估算募集规模，非存续期每日净申购额
20260527,026749,上银中证沪港深互联网指数发起式C,指数型-股票,上银基金,0.36,0.36,天天基金新成立基金 / AKShare,募集份额单位为亿份；按常见初始面值1元/份近似估算募集规模，非存续期每日净申购额
20260527,026877,汇添富创业板综合指数增强A,指数型-股票,汇添富基金,19.55,19.55,天天基金新成立基金 / AKShare,募集份额单位为亿份；按常见初始面值1元/份近似估算募集规模，非存续期每日净申购额
20260527,026878,汇添富创业板综合指数增强C,指数型-股票,汇添富基金,19.55,19.55,天天基金新成立基金 / AKShare,募集份额单位为亿份；按常见初始面值1元/份近似估算募集规模，非存续期每日净申购额
20260527,027598,鑫元中证工业有色金属主题指数发起式A,指数型-股票,鑫元基金,0.1,0.1,天天基金新成立基金 / AKShare,募集份额单位为亿份；按常见初始面值1元/份近似估算募集规模，非存续期每日净申购额
20260527,027599,鑫元中证工业有色金属主题指数发起式C,指数型-股票,鑫元基金,0.1,0.1,天天基金新成立基金 / AKShare,募集份额单位为亿份；按常见初始面值1元/份近似估算募集规模，非存续期每日净申购额
20260528,026572,农银安泽多元配置三个月持有期混合(FOF)A,FOF-稳健型,农银汇理基金,18.04,18.04,天天基金新成立基金 / AKShare,募集份额单位为亿份；按常见初始面值1元/份近似估算募集规模，非存续期每日净申购额
20260528,026573,农银安泽多元配置三个月持有期混合(FOF)C,FOF-稳健型,农银汇理基金,18.04,18.04,天天基金新成立基金 / AKShare,募集份额单位为亿份；按常见初始面值1元/份近似估算募集规模，非存续期每日净申购额
20260528,027250,浙商中证全指指数增强A,指数型-股票,浙商基金,2.33,2.33,天天基金新成立基金 / AKShare,募集份额单位为亿份；按常见初始面值1元/份近似估算募集规模，非存续期每日净申购额
20260528,027251,浙商中证全指指数增强C,指数型-股票,浙商基金,2.33,2.33,天天基金新成立基金 / AKShare,募集份额单位为亿份；按常见初始面值1元/份近似估算募集规模，非存续期每日净申购额
20260528,027340,中欧国证新能源车电池指数A,指数型-股票,中欧基金,3.81,3.81,天天基金新成立基金 / AKShare,募集份额单位为亿份；按常见初始面值1元/份近似估算募集规模，非存续期每日净申购额
20260528,027341,中欧国证新能源车电池指数C,指数型-股票,中欧基金,3.81,3.81,天天基金新成立基金 / AKShare,募集份额单位为亿份；按常见初始面值1元/份近似估算募集规模，非存续期每日净申购额
20260529,027588,华夏中证工程机械主题ETF发起式联接A,指数型-股票,华夏基金,0.13,0.13,天天基金新成立基金 / AKShare,募集份额单位为亿份；按常见初始面值1元/份近似估算募集规模，非存续期每日净申购额
20260529,027589,华夏中证工程机械主题ETF发起式联接C,指数型-股票,华夏基金,0.13,0.13,天天基金新成立基金 / AKShare,募集份额单位为亿份；按常见初始面值1元/份近似估算募集规模，非存续期每日净申购额
20260601,026931,广发中证全指食品ETF联接A,指数型-股票,广发基金,2.27,2.27,天天基金新成立基金 / AKShare,募集份额单位为亿份；按常见初始面值1元/份近似估算募集规模，非存续期每日净申购额
20260601,026932,广发中证全指食品ETF联接C,指数型-股票,广发基金,2.27,2.27,天天基金新成立基金 / AKShare,募集份额单位为亿份；按常见初始面值1元/份近似估算募集规模，非存续期每日净申购额
20260601,026968,创金合信文利1个月持有期混合A,混合型-偏债,创金合信基金,2.17,2.17,天天基金新成立基金 / AKShare,募集份额单位为亿份；按常见初始面值1元/份近似估算募集规模，非存续期每日净申购额
20260601,026969,创金合信文利1个月持有期混合C,混合型-偏债,创金合信基金,2.17,2.17,天天基金新成立基金 / AKShare,募集份额单位为亿份；按常见初始面值1元/份近似估算募集规模，非存续期每日净申购额
20260601,027538,东方红欣益稳健3个月持有混合发起(FOF)A,FOF-稳健型,东方红资产管,0.11,0.11,天天基金新成立基金 / AKShare,募集份额单位为亿份；按常见初始面值1元/份近似估算募集规模，非存续期每日净申购额
20260601,027539,东方红欣益稳健3个月持有混合发起(FOF)C,FOF-稳健型,东方红资产管,0.11,0.11,天天基金新成立基金 / AKShare,募集份额单位为亿份；按常见初始面值1元/份近似估算募集规模，非存续期每日净申购额
20260602,026165,景顺长城恒生港股通50ETF联接A,指数型-股票,景顺长城基金,4.43,4.43,天天基金新成立基金 / AKShare,募集份额单位为亿份；按常见初始面值1元/份近似估算募集规模，非存续期每日净申购额
20260602,026166,景顺长城恒生港股通50ETF联接C,指数型-股票,景顺长城基金,4.43,4.43,天天基金新成立基金 / AKShare,募集份额单位为亿份；按常见初始面值1元/份近似估算募集规模，非存续期每日净申购额
20260602,026288,华宝创业板综合增强策略ETF发起式联接A,指数型-股票,华宝基金,2.63,2.63,天天基金新成立基金 / AKShare,募集份额单位为亿份；按常见初始面值1元/份近似估算募集规模，非存续期每日净申购额
20260602,026289,华宝创业板综合增强策略ETF发起式联接C,指数型-股票,华宝基金,2.63,2.63,天天基金新成立基金 / AKShare,募集份额单位为亿份；按常见初始面值1元/份近似估算募集规模，非存续期每日净申购额
20260602,026460,山证资管添益债券A,债券型-混合二级,山证(上海),6.76,6.76,天天基金新成立基金 / AKShare,募集份额单位为亿份；按常见初始面值1元/份近似估算募集规模，非存续期每日净申购额
20260602,026461,山证资管添益债券C,债券型-混合二级,山证(上海),6.76,6.76,天天基金新成立基金 / AKShare,募集份额单位为亿份；按常见初始面值1元/份近似估算募集规模，非存续期每日净申购额
20260602,026988,海富通沪港深医疗创新混合A,混合型-偏股,海富通基金,2.18,2.18,天天基金新成立基金 / AKShare,募集份额单位为亿份；按常见初始面值1元/份近似估算募集规模，非存续期每日净申购额
20260602,026989,海富通沪港深医疗创新混合C,混合型-偏股,海富通基金,2.18,2.18,天天基金新成立基金 / AKShare,募集份额单位为亿份；按常见初始面值1元/份近似估算募集规模，非存续期每日净申购额
20260602,026995,信澳港股通创新驱动股票型发起式A,股票型,信达澳亚基金,0.29,0.29,天天基金新成立基金 / AKShare,募集份额单位为亿份；按常见初始面值1元/份近似估算募集规模，非存续期每日净申购额
20260602,026996,信澳港股通创新驱动股票型发起式C,股票型,信达澳亚基金,0.29,0.29,天天基金新成立基金 / AKShare,募集份额单位为亿份；按常见初始面值1元/份近似估算募集规模，非存续期每日净申购额
20260602,027144,易方达中证金融科技主题ETF联接A,指数型-股票,易方达基金,4.0,4.0,天天基金新成立基金 / AKShare,募集份额单位为亿份；按常见初始面值1元/份近似估算募集规模，非存续期每日净申购额
20260602,027145,易方达中证金融科技主题ETF联接C,指数型-股票,易方达基金,4.0,4.0,天天基金新成立基金 / AKShare,募集份额单位为亿份；按常见初始面值1元/份近似估算募集规模，非存续期每日净申购额
20260602,027164,富国恒生科技指数(QDII)A,指数型-海外股票,富国基金,4.1,4.1,天天基金新成立基金 / AKShare,募集份额单位为亿份；按常见初始面值1元/份近似估算募集规模，非存续期每日净申购额
20260602,027165,富国恒生科技指数(QDII)C,指数型-海外股票,富国基金,4.1,4.1,天天基金新成立基金 / AKShare,募集份额单位为亿份；按常见初始面值1元/份近似估算募集规模，非存续期每日净申购额
20260602,027241,申万菱信恒生港股通科技主题指数A,指数型-股票,申万菱信基金,2.38,2.38,天天基金新成立基金 / AKShare,募集份额单位为亿份；按常见初始面值1元/份近似估算募集规模，非存续期每日净申购额
20260602,027242,申万菱信恒生港股通科技主题指数C,指数型-股票,申万菱信基金,2.38,2.38,天天基金新成立基金 / AKShare,募集份额单位为亿份；按常见初始面值1元/份近似估算募集规模，非存续期每日净申购额
20260602,027252,融通新材料混合发起式A,混合型-偏股,融通基金,1.7,1.7,天天基金新成立基金 / AKShare,募集份额单位为亿份；按常见初始面值1元/份近似估算募集规模，非存续期每日净申购额
20260602,027253,融通新材料混合发起式C,混合型-偏股,融通基金,1.7,1.7,天天基金新成立基金 / AKShare,募集份额单位为亿份；按常见初始面值1元/份近似估算募集规模，非存续期每日净申购额
20260602,027323,光大保德信北证50成份指数A,指数型-股票,光大保德信基,4.04,4.04,天天基金新成立基金 / AKShare,募集份额单位为亿份；按常见初始面值1元/份近似估算募集规模，非存续期每日净申购额
20260602,027324,光大保德信北证50成份指数C,指数型-股票,光大保德信基,4.04,4.04,天天基金新成立基金 / AKShare,募集份额单位为亿份；按常见初始面值1元/份近似估算募集规模，非存续期每日净申购额
20260602,027353,易方达中证全指可选消费指数发起式A,指数型-股票,易方达基金,0.11,0.11,天天基金新成立基金 / AKShare,募集份额单位为亿份；按常见初始面值1元/份近似估算募集规模，非存续期每日净申购额
20260602,027354,易方达中证全指可选消费指数发起式C,指数型-股票,易方达基金,0.11,0.11,天天基金新成立基金 / AKShare,募集份额单位为亿份；按常见初始面值1元/份近似估算募集规模，非存续期每日净申购额
20260602,027362,中加睿新智选混合发起式A,混合型-偏股,中加基金,0.1,0.1,天天基金新成立基金 / AKShare,募集份额单位为亿份；按常见初始面值1元/份近似估算募集规模，非存续期每日净申购额
20260602,027363,中加睿新智选混合发起式C,混合型-偏股,中加基金,0.1,0.1,天天基金新成立基金 / AKShare,募集份额单位为亿份；按常见初始面值1元/份近似估算募集规模，非存续期每日净申购额
20260602,027379,中欧港股医药混合发起(QDII)A,QDII-混合偏股,中欧基金,0.11,0.11,天天基金新成立基金 / AKShare,募集份额单位为亿份；按常见初始面值1元/份近似估算募集规模，非存续期每日净申购额
20260602,027380,中欧港股医药混合发起(QDII)C,QDII-混合偏股,中欧基金,0.11,0.11,天天基金新成立基金 / AKShare,募集份额单位为亿份；按常见初始面值1元/份近似估算募集规模，非存续期每日净申购额
20260602,027614,易方达丰瑞债券A,债券型-混合二级,易方达基金,14.24,14.24,天天基金新成立基金 / AKShare,募集份额单位为亿份；按常见初始面值1元/份近似估算募集规模，非存续期每日净申购额
20260602,027615,易方达丰瑞债券C,债券型-混合二级,易方达基金,14.24,14.24,天天基金新成立基金 / AKShare,募集份额单位为亿份；按常见初始面值1元/份近似估算募集规模，非存续期每日净申购额
20260602,027654,东方阿尔法增利债券发起A,债券型-混合二级,东方阿尔法基,0.1,0.1,天天基金新成立基金 / AKShare,募集份额单位为亿份；按常见初始面值1元/份近似估算募集规模，非存续期每日净申购额
20260602,027655,东方阿尔法增利债券发起C,债券型-混合二级,东方阿尔法基,0.1,0.1,天天基金新成立基金 / AKShare,募集份额单位为亿份；按常见初始面值1元/份近似估算募集规模，非存续期每日净申购额
20260602,027749,瑞达优选配置混合型发起式A,混合型-偏股,瑞达基金,0.11,0.11,天天基金新成立基金 / AKShare,募集份额单位为亿份；按常见初始面值1元/份近似估算募集规模，非存续期每日净申购额
20260602,027750,瑞达优选配置混合型发起式C,混合型-偏股,瑞达基金,0.11,0.11,天天基金新成立基金 / AKShare,募集份额单位为亿份；按常见初始面值1元/份近似估算募集规模，非存续期每日净申购额
20260603,027516,万家中证工程机械主题指数发起式A,指数型-股票,万家基金,0.11,0.11,天天基金新成立基金 / AKShare,募集份额单位为亿份；按常见初始面值1元/份近似估算募集规模，非存续期每日净申购额
20260603,027517,万家中证工程机械主题指数发起式C,指数型-股票,万家基金,0.11,0.11,天天基金新成立基金 / AKShare,募集份额单位为亿份；按常见初始面值1元/份近似估算募集规模，非存续期每日净申购额
20260604,027520,广发科创芯片设计ETF联接A,指数型-股票,广发基金,3.7,3.7,天天基金新成立基金 / AKShare,募集份额单位为亿份；按常见初始面值1元/份近似估算募集规模，非存续期每日净申购额
20260604,027521,广发科创芯片设计ETF联接C,指数型-股票,广发基金,3.7,3.7,天天基金新成立基金 / AKShare,募集份额单位为亿份；按常见初始面值1元/份近似估算募集规模，非存续期每日净申购额
20260605,026897,华夏港股通消费精选混合A,混合型-偏股,华夏基金,2.35,2.35,天天基金新成立基金 / AKShare,募集份额单位为亿份；按常见初始面值1元/份近似估算募集规模，非存续期每日净申购额
20260605,026898,华夏港股通消费精选混合C,混合型-偏股,华夏基金,2.35,2.35,天天基金新成立基金 / AKShare,募集份额单位为亿份；按常见初始面值1元/份近似估算募集规模，非存续期每日净申购额
20260605,027239,山证资管半导体产业锐选股票发起式A,股票型,山证(上海),0.1,0.1,天天基金新成立基金 / AKShare,募集份额单位为亿份；按常见初始面值1元/份近似估算募集规模，非存续期每日净申购额
20260605,027240,山证资管半导体产业锐选股票发起式C,股票型,山证(上海),0.1,0.1,天天基金新成立基金 / AKShare,募集份额单位为亿份；按常见初始面值1元/份近似估算募集规模，非存续期每日净申购额
20260605,027263,宝盈数字经济混合发起式A,混合型-偏股,宝盈基金,0.11,0.11,天天基金新成立基金 / AKShare,募集份额单位为亿份；按常见初始面值1元/份近似估算募集规模，非存续期每日净申购额
20260605,027264,宝盈数字经济混合发起式C,混合型-偏股,宝盈基金,0.11,0.11,天天基金新成立基金 / AKShare,募集份额单位为亿份；按常见初始面值1元/份近似估算募集规模，非存续期每日净申购额
20260605,027574,天弘上证科创板芯片设计主题ETF发起联接A,指数型-股票,天弘基金,4.44,4.44,天天基金新成立基金 / AKShare,募集份额单位为亿份；按常见初始面值1元/份近似估算募集规模，非存续期每日净申购额
20260605,027575,天弘上证科创板芯片设计主题ETF发起联接C,指数型-股票,天弘基金,4.44,4.44,天天基金新成立基金 / AKShare,募集份额单位为亿份；按常见初始面值1元/份近似估算募集规模，非存续期每日净申购额
20260605,027699,万家港股通科技智选混合发起式A,混合型-偏股,万家基金,0.12,0.12,天天基金新成立基金 / AKShare,募集份额单位为亿份；按常见初始面值1元/份近似估算募集规模，非存续期每日净申购额
20260605,027700,万家港股通科技智选混合发起式C,混合型-偏股,万家基金,0.12,0.12,天天基金新成立基金 / AKShare,募集份额单位为亿份；按常见初始面值1元/份近似估算募集规模，非存续期每日净申购额
20260608,027053,兴全价值量化选股股票发起式A,股票型,兴证全球基金,3.83,3.83,天天基金新成立基金 / AKShare,募集份额单位为亿份；按常见初始面值1元/份近似估算募集规模，非存续期每日净申购额
20260608,027054,兴全价值量化选股股票发起式C,股票型,兴证全球基金,3.83,3.83,天天基金新成立基金 / AKShare,募集份额单位为亿份；按常见初始面值1元/份近似估算募集规模，非存续期每日净申购额
20260609,026745,交银红利量化选股混合C,混合型-偏股,交银施罗德基,4.01,4.01,天天基金新成立基金 / AKShare,募集份额单位为亿份；按常见初始面值1元/份近似估算募集规模，非存续期每日净申购额
20260609,027197,长盛聚利债券A,债券型-混合二级,长盛基金,2.84,2.84,天天基金新成立基金 / AKShare,募集份额单位为亿份；按常见初始面值1元/份近似估算募集规模，非存续期每日净申购额
20260609,027198,长盛聚利债券C,债券型-混合二级,长盛基金,2.84,2.84,天天基金新成立基金 / AKShare,募集份额单位为亿份；按常见初始面值1元/份近似估算募集规模，非存续期每日净申购额
20260609,027248,中金上证科创板综合指数增强A,指数型-股票,中金基金,6.67,6.67,天天基金新成立基金 / AKShare,募集份额单位为亿份；按常见初始面值1元/份近似估算募集规模，非存续期每日净申购额
20260609,027249,中金上证科创板综合指数增强C,指数型-股票,中金基金,6.67,6.67,天天基金新成立基金 / AKShare,募集份额单位为亿份；按常见初始面值1元/份近似估算募集规模，非存续期每日净申购额
20260609,027360,中加领航智选混合发起式A,混合型-偏股,中加基金,0.1,0.1,天天基金新成立基金 / AKShare,募集份额单位为亿份；按常见初始面值1元/份近似估算募集规模，非存续期每日净申购额
20260609,027361,中加领航智选混合发起式C,混合型-偏股,中加基金,0.1,0.1,天天基金新成立基金 / AKShare,募集份额单位为亿份；按常见初始面值1元/份近似估算募集规模，非存续期每日净申购额
20260609,027389,前海开源中证金融科技主题指数A,指数型-股票,前海开源基金,2.48,2.48,天天基金新成立基金 / AKShare,募集份额单位为亿份；按常见初始面值1元/份近似估算募集规模，非存续期每日净申购额
20260609,027390,前海开源中证金融科技主题指数C,指数型-股票,前海开源基金,2.48,2.48,天天基金新成立基金 / AKShare,募集份额单位为亿份；按常见初始面值1元/份近似估算募集规模，非存续期每日净申购额
20260610,027309,金信中证800指数增强A,指数型-股票,金信基金,2.45,2.45,天天基金新成立基金 / AKShare,募集份额单位为亿份；按常见初始面值1元/份近似估算募集规模，非存续期每日净申购额
20260610,027476,山证资管新能源锐选股票发起式A,股票型,山证(上海),0.1,0.1,天天基金新成立基金 / AKShare,募集份额单位为亿份；按常见初始面值1元/份近似估算募集规模，非存续期每日净申购额
20260610,027477,山证资管新能源锐选股票发起式C,股票型,山证(上海),0.1,0.1,天天基金新成立基金 / AKShare,募集份额单位为亿份；按常见初始面值1元/份近似估算募集规模，非存续期每日净申购额
20260611,027708,鑫元新材料睿选混合发起式A,混合型-偏股,鑫元基金,0.1,0.1,天天基金新成立基金 / AKShare,募集份额单位为亿份；按常见初始面值1元/份近似估算募集规模，非存续期每日净申购额
20260611,027709,鑫元新材料睿选混合发起式C,混合型-偏股,鑫元基金,0.1,0.1,天天基金新成立基金 / AKShare,募集份额单位为亿份；按常见初始面值1元/份近似估算募集规模，非存续期每日净申购额
20260612,027562,兴合动力领航混合发起式A,混合型-偏股,兴合基金,0.35,0.35,天天基金新成立基金 / AKShare,募集份额单位为亿份；按常见初始面值1元/份近似估算募集规模，非存续期每日净申购额
20260612,027563,兴合动力领航混合发起式C,混合型-偏股,兴合基金,0.35,0.35,天天基金新成立基金 / AKShare,募集份额单位为亿份；按常见初始面值1元/份近似估算募集规模，非存续期每日净申购额
20260612,027705,南方中证全指红利质量ETF发起联接A,指数型-股票,南方基金,0.26,0.26,天天基金新成立基金 / AKShare,募集份额单位为亿份；按常见初始面值1元/份近似估算募集规模，非存续期每日净申购额
20260612,027706,南方中证全指红利质量ETF发起联接C,指数型-股票,南方基金,0.26,0.26,天天基金新成立基金 / AKShare,募集份额单位为亿份；按常见初始面值1元/份近似估算募集规模，非存续期每日净申购额
20260612,027765,嘉实恒生科技ETF发起联接(QDII)A,指数型-海外股票,嘉实基金,0.1,0.1,天天基金新成立基金 / AKShare,募集份额单位为亿份；按常见初始面值1元/份近似估算募集规模，非存续期每日净申购额
20260612,027766,嘉实恒生科技ETF发起联接(QDII)C,指数型-海外股票,嘉实基金,0.1,0.1,天天基金新成立基金 / AKShare,募集份额单位为亿份；按常见初始面值1元/份近似估算募集规模，非存续期每日净申购额
20260615,027123,国联创业板综合指数增强A,指数型-股票,国联基金,4.43,4.43,天天基金新成立基金 / AKShare,募集份额单位为亿份；按常见初始面值1元/份近似估算募集规模，非存续期每日净申购额
20260615,027124,国联创业板综合指数增强C,指数型-股票,国联基金,4.43,4.43,天天基金新成立基金 / AKShare,募集份额单位为亿份；按常见初始面值1元/份近似估算募集规模，非存续期每日净申购额
20260616,026401,华商鑫悦30天滚动持有债券A,债券型-长债,华商基金,6.64,6.64,天天基金新成立基金 / AKShare,募集份额单位为亿份；按常见初始面值1元/份近似估算募集规模，非存续期每日净申购额
20260616,026402,华商鑫悦30天滚动持有债券C,债券型-长债,华商基金,6.64,6.64,天天基金新成立基金 / AKShare,募集份额单位为亿份；按常见初始面值1元/份近似估算募集规模，非存续期每日净申购额
20260616,026712,大成上证科创板50成份指数A,指数型-股票,大成基金,8.41,8.41,天天基金新成立基金 / AKShare,募集份额单位为亿份；按常见初始面值1元/份近似估算募集规模，非存续期每日净申购额
20260616,026713,大成上证科创板50成份指数C,指数型-股票,大成基金,8.41,8.41,天天基金新成立基金 / AKShare,募集份额单位为亿份；按常见初始面值1元/份近似估算募集规模，非存续期每日净申购额
20260616,026882,新华中证科创创业50指数A,指数型-股票,新华基金,2.33,2.33,天天基金新成立基金 / AKShare,募集份额单位为亿份；按常见初始面值1元/份近似估算募集规模，非存续期每日净申购额
20260616,026883,新华中证科创创业50指数C,指数型-股票,新华基金,2.33,2.33,天天基金新成立基金 / AKShare,募集份额单位为亿份；按常见初始面值1元/份近似估算募集规模，非存续期每日净申购额
20260616,026905,金鹰恒荣混合A,混合型-偏债,金鹰基金,2.2,2.2,天天基金新成立基金 / AKShare,募集份额单位为亿份；按常见初始面值1元/份近似估算募集规模，非存续期每日净申购额
20260616,026907,金鹰恒荣混合C,混合型-偏债,金鹰基金,2.2,2.2,天天基金新成立基金 / AKShare,募集份额单位为亿份；按常见初始面值1元/份近似估算募集规模，非存续期每日净申购额
20260616,027030,金鹰恒泽债券A,债券型-混合二级,金鹰基金,3.28,3.28,天天基金新成立基金 / AKShare,募集份额单位为亿份；按常见初始面值1元/份近似估算募集规模，非存续期每日净申购额
20260616,027032,金鹰恒泽债券C,债券型-混合二级,金鹰基金,3.28,3.28,天天基金新成立基金 / AKShare,募集份额单位为亿份；按常见初始面值1元/份近似估算募集规模，非存续期每日净申购额
20260616,027151,长城北证50指数增强发起A,指数型-股票,长城基金,0.66,0.66,天天基金新成立基金 / AKShare,募集份额单位为亿份；按常见初始面值1元/份近似估算募集规模，非存续期每日净申购额
20260616,027152,长城北证50指数增强发起C,指数型-股票,长城基金,0.66,0.66,天天基金新成立基金 / AKShare,募集份额单位为亿份；按常见初始面值1元/份近似估算募集规模，非存续期每日净申购额
20260616,027175,广发悦泰多元稳健三个月持有混合(ETF-FOF)A,FOF-稳健型,广发基金,12.46,12.46,天天基金新成立基金 / AKShare,募集份额单位为亿份；按常见初始面值1元/份近似估算募集规模，非存续期每日净申购额
20260616,027176,广发悦泰多元稳健三个月持有混合(ETF-FOF)C,FOF-稳健型,广发基金,12.46,12.46,天天基金新成立基金 / AKShare,募集份额单位为亿份；按常见初始面值1元/份近似估算募集规模，非存续期每日净申购额
20260616,027256,融通数字经济臻选混合发起式A,混合型-偏股,融通基金,1.07,1.07,天天基金新成立基金 / AKShare,募集份额单位为亿份；按常见初始面值1元/份近似估算募集规模，非存续期每日净申购额
20260616,027257,融通数字经济臻选混合发起式C,混合型-偏股,融通基金,1.07,1.07,天天基金新成立基金 / AKShare,募集份额单位为亿份；按常见初始面值1元/份近似估算募集规模，非存续期每日净申购额
20260616,027321,嘉实同舟稳利债券A,债券型-混合二级,嘉实基金,17.27,17.27,天天基金新成立基金 / AKShare,募集份额单位为亿份；按常见初始面值1元/份近似估算募集规模，非存续期每日净申购额
20260616,027322,嘉实同舟稳利债券C,债券型-混合二级,嘉实基金,17.27,17.27,天天基金新成立基金 / AKShare,募集份额单位为亿份；按常见初始面值1元/份近似估算募集规模，非存续期每日净申购额
20260616,027342,中邮尊享混合发起式A,混合型-偏债,中邮基金,0.46,0.46,天天基金新成立基金 / AKShare,募集份额单位为亿份；按常见初始面值1元/份近似估算募集规模，非存续期每日净申购额
20260616,027343,中邮尊享混合发起式C,混合型-偏债,中邮基金,0.46,0.46,天天基金新成立基金 / AKShare,募集份额单位为亿份；按常见初始面值1元/份近似估算募集规模，非存续期每日净申购额
20260616,027348,平安上证科创板50成份ETF发起式联接A,指数型-股票,平安基金,10.71,10.71,天天基金新成立基金 / AKShare,募集份额单位为亿份；按常见初始面值1元/份近似估算募集规模，非存续期每日净申购额
20260616,027349,平安上证科创板50成份ETF发起式联接C,指数型-股票,平安基金,10.71,10.71,天天基金新成立基金 / AKShare,募集份额单位为亿份；按常见初始面值1元/份近似估算募集规模，非存续期每日净申购额
20260616,027371,中金福益增利债券A,债券型-混合二级,中金基金,2.21,2.21,天天基金新成立基金 / AKShare,募集份额单位为亿份；按常见初始面值1元/份近似估算募集规模，非存续期每日净申购额
20260616,027372,中金福益增利债券C,债券型-混合二级,中金基金,2.21,2.21,天天基金新成立基金 / AKShare,募集份额单位为亿份；按常见初始面值1元/份近似估算募集规模，非存续期每日净申购额
20260616,027383,信澳中证港股通综合指数增强A,指数型-股票,信达澳亚基金,2.81,2.81,天天基金新成立基金 / AKShare,募集份额单位为亿份；按常见初始面值1元/份近似估算募集规模，非存续期每日净申购额
20260616,027384,信澳中证港股通综合指数增强C,指数型-股票,信达澳亚基金,2.81,2.81,天天基金新成立基金 / AKShare,募集份额单位为亿份；按常见初始面值1元/份近似估算募集规模，非存续期每日净申购额
20260616,027393,鹏华创业板综合指数增强A,指数型-股票,鹏华基金,16.01,16.01,天天基金新成立基金 / AKShare,募集份额单位为亿份；按常见初始面值1元/份近似估算募集规模，非存续期每日净申购额
20260616,027394,鹏华创业板综合指数增强C,指数型-股票,鹏华基金,16.01,16.01,天天基金新成立基金 / AKShare,募集份额单位为亿份；按常见初始面值1元/份近似估算募集规模，非存续期每日净申购额
20260616,027401,富国恒生生物科技ETF发起式联接A,指数型-股票,富国基金,0.19,0.19,天天基金新成立基金 / AKShare,募集份额单位为亿份；按常见初始面值1元/份近似估算募集规模，非存续期每日净申购额
20260616,027402,富国恒生生物科技ETF发起式联接C,指数型-股票,富国基金,0.19,0.19,天天基金新成立基金 / AKShare,募集份额单位为亿份；按常见初始面值1元/份近似估算募集规模，非存续期每日净申购额
20260616,027434,嘉实中证新能源ETF联接A,指数型-股票,嘉实基金,11.58,11.58,天天基金新成立基金 / AKShare,募集份额单位为亿份；按常见初始面值1元/份近似估算募集规模，非存续期每日净申购额
20260616,027435,嘉实中证新能源ETF联接C,指数型-股票,嘉实基金,11.58,11.58,天天基金新成立基金 / AKShare,募集份额单位为亿份；按常见初始面值1元/份近似估算募集规模，非存续期每日净申购额
20260616,027480,泓德智选远航混合A,混合型-偏股,泓德基金,2.85,2.85,天天基金新成立基金 / AKShare,募集份额单位为亿份；按常见初始面值1元/份近似估算募集规模，非存续期每日净申购额
20260616,027481,泓德智选远航混合C,混合型-偏股,泓德基金,2.85,2.85,天天基金新成立基金 / AKShare,募集份额单位为亿份；按常见初始面值1元/份近似估算募集规模，非存续期每日净申购额
20260616,027494,易方达中证电池主题ETF联接发起式A,指数型-股票,易方达基金,3.03,3.03,天天基金新成立基金 / AKShare,募集份额单位为亿份；按常见初始面值1元/份近似估算募集规模，非存续期每日净申购额
20260616,027495,易方达中证电池主题ETF联接发起式C,指数型-股票,易方达基金,3.03,3.03,天天基金新成立基金 / AKShare,募集份额单位为亿份；按常见初始面值1元/份近似估算募集规模，非存续期每日净申购额
20260616,027608,鹏华上证科创板芯片设计主题ETF发起式联接A,指数型-股票,鹏华基金,0.29,0.29,天天基金新成立基金 / AKShare,募集份额单位为亿份；按常见初始面值1元/份近似估算募集规模，非存续期每日净申购额
20260616,027609,鹏华上证科创板芯片设计主题ETF发起式联接C,指数型-股票,鹏华基金,0.29,0.29,天天基金新成立基金 / AKShare,募集份额单位为亿份；按常见初始面值1元/份近似估算募集规模，非存续期每日净申购额
20260616,027710,汇添富中证畜牧养殖产业ETF发起式联接A,指数型-股票,汇添富基金,0.14,0.14,天天基金新成立基金 / AKShare,募集份额单位为亿份；按常见初始面值1元/份近似估算募集规模，非存续期每日净申购额
20260616,027711,汇添富中证畜牧养殖产业ETF发起式联接C,指数型-股票,汇添富基金,0.14,0.14,天天基金新成立基金 / AKShare,募集份额单位为亿份；按常见初始面值1元/份近似估算募集规模，非存续期每日净申购额
20260616,027769,国泰海通医疗创新睿选混合发起A,混合型-偏股,国泰海通资管,0.1,0.1,天天基金新成立基金 / AKShare,募集份额单位为亿份；按常见初始面值1元/份近似估算募集规模，非存续期每日净申购额
20260616,027770,国泰海通医疗创新睿选混合发起C,混合型-偏股,国泰海通资管,0.1,0.1,天天基金新成立基金 / AKShare,募集份额单位为亿份；按常见初始面值1元/份近似估算募集规模，非存续期每日净申购额
20260616,027780,国泰海通新能源睿选混合发起A,混合型-偏股,国泰海通资管,0.1,0.1,天天基金新成立基金 / AKShare,募集份额单位为亿份；按常见初始面值1元/份近似估算募集规模，非存续期每日净申购额
20260616,027781,国泰海通新能源睿选混合发起C,混合型-偏股,国泰海通资管,0.1,0.1,天天基金新成立基金 / AKShare,募集份额单位为亿份；按常见初始面值1元/份近似估算募集规模，非存续期每日净申购额
20260617,022575,人保民鸿混合A,混合型-偏债,人保资产,4.5,4.5,天天基金新成立基金 / AKShare,募集份额单位为亿份；按常见初始面值1元/份近似估算募集规模，非存续期每日净申购额
20260617,022576,人保民鸿混合C,混合型-偏债,人保资产,4.5,4.5,天天基金新成立基金 / AKShare,募集份额单位为亿份；按常见初始面值1元/份近似估算募集规模，非存续期每日净申购额
20260617,027498,国联周期优选混合发起A,混合型-偏股,国联基金,0.12,0.12,天天基金新成立基金 / AKShare,募集份额单位为亿份；按常见初始面值1元/份近似估算募集规模，非存续期每日净申购额
20260617,027499,国联周期优选混合发起C,混合型-偏股,国联基金,0.12,0.12,天天基金新成立基金 / AKShare,募集份额单位为亿份；按常见初始面值1元/份近似估算募集规模，非存续期每日净申购额
20260617,027773,中金消费优选股票发起A,股票型,中金基金,0.1,0.1,天天基金新成立基金 / AKShare,募集份额单位为亿份；按常见初始面值1元/份近似估算募集规模，非存续期每日净申购额
20260617,027774,中金消费优选股票发起C,股票型,中金基金,0.1,0.1,天天基金新成立基金 / AKShare,募集份额单位为亿份；按常见初始面值1元/份近似估算募集规模，非存续期每日净申购额
20260617,027854,浦银安盛资源精选混合A,混合型-偏股,浦银安盛基金,0.1,0.1,天天基金新成立基金 / AKShare,募集份额单位为亿份；按常见初始面值1元/份近似估算募集规模，非存续期每日净申购额
20260617,027855,浦银安盛资源精选混合C,混合型-偏股,浦银安盛基金,0.1,0.1,天天基金新成立基金 / AKShare,募集份额单位为亿份；按常见初始面值1元/份近似估算募集规模，非存续期每日净申购额
20260618,027086,农银中债1-5年政金债指数A,指数型-固收,农银汇理基金,36.96,36.96,天天基金新成立基金 / AKShare,募集份额单位为亿份；按常见初始面值1元/份近似估算募集规模，非存续期每日净申购额
20260618,027087,农银中债1-5年政金债指数C,指数型-固收,农银汇理基金,36.96,36.96,天天基金新成立基金 / AKShare,募集份额单位为亿份；按常见初始面值1元/份近似估算募集规模，非存续期每日净申购额
20260618,027088,财信蓉泽债券A,债券型-混合二级,财信基金,2.34,2.34,天天基金新成立基金 / AKShare,募集份额单位为亿份；按常见初始面值1元/份近似估算募集规模，非存续期每日净申购额
20260618,027089,财信蓉泽债券C,债券型-混合二级,财信基金,2.34,2.34,天天基金新成立基金 / AKShare,募集份额单位为亿份；按常见初始面值1元/份近似估算募集规模，非存续期每日净申购额
20260618,027508,富国中证全指证券公司ETF发起式联接A,指数型-股票,富国基金,0.18,0.18,天天基金新成立基金 / AKShare,募集份额单位为亿份；按常见初始面值1元/份近似估算募集规模，非存续期每日净申购额
20260618,027509,富国中证全指证券公司ETF发起式联接C,指数型-股票,富国基金,0.18,0.18,天天基金新成立基金 / AKShare,募集份额单位为亿份；按常见初始面值1元/份近似估算募集规模，非存续期每日净申购额
20260618,027792,汇添富资源精选混合A,混合型-偏股,汇添富基金,5.72,5.72,天天基金新成立基金 / AKShare,募集份额单位为亿份；按常见初始面值1元/份近似估算募集规模，非存续期每日净申购额
20260618,027793,汇添富资源精选混合C,混合型-偏股,汇添富基金,5.72,5.72,天天基金新成立基金 / AKShare,募集份额单位为亿份；按常见初始面值1元/份近似估算募集规模，非存续期每日净申购额
20260622,027761,广发国证粮食产业ETF发起式联接A,指数型-股票,广发基金,0.11,0.11,天天基金新成立基金 / AKShare,募集份额单位为亿份；按常见初始面值1元/份近似估算募集规模，非存续期每日净申购额
20260622,027762,广发国证粮食产业ETF发起式联接C,指数型-股票,广发基金,0.11,0.11,天天基金新成立基金 / AKShare,募集份额单位为亿份；按常见初始面值1元/份近似估算募集规模，非存续期每日净申购额
20260623,027357,民生加银创业板综合指数增强A,指数型-股票,民生加银基金,3.79,3.79,天天基金新成立基金 / AKShare,募集份额单位为亿份；按常见初始面值1元/份近似估算募集规模，非存续期每日净申购额
20260623,027358,民生加银创业板综合指数增强C,指数型-股票,民生加银基金,3.79,3.79,天天基金新成立基金 / AKShare,募集份额单位为亿份；按常见初始面值1元/份近似估算募集规模，非存续期每日净申购额
20260623,027486,长城中证电池指数发起A,指数型-股票,长城基金,5.51,5.51,天天基金新成立基金 / AKShare,募集份额单位为亿份；按常见初始面值1元/份近似估算募集规模，非存续期每日净申购额
20260623,027487,长城中证电池指数发起C,指数型-股票,长城基金,5.51,5.51,天天基金新成立基金 / AKShare,募集份额单位为亿份；按常见初始面值1元/份近似估算募集规模，非存续期每日净申购额
20260623,027568,中邮嘉享混合发起式A,混合型-偏债,中邮基金,0.42,0.42,天天基金新成立基金 / AKShare,募集份额单位为亿份；按常见初始面值1元/份近似估算募集规模，非存续期每日净申购额
20260623,027569,中邮嘉享混合发起式C,混合型-偏债,中邮基金,0.42,0.42,天天基金新成立基金 / AKShare,募集份额单位为亿份；按常见初始面值1元/份近似估算募集规模，非存续期每日净申购额
20260623,027572,天弘北证50成份指数增强发起A,指数型-股票,天弘基金,0.93,0.93,天天基金新成立基金 / AKShare,募集份额单位为亿份；按常见初始面值1元/份近似估算募集规模，非存续期每日净申购额
20260623,027573,天弘北证50成份指数增强发起C,指数型-股票,天弘基金,0.93,0.93,天天基金新成立基金 / AKShare,募集份额单位为亿份；按常见初始面值1元/份近似估算募集规模，非存续期每日净申购额
20260623,027594,东兴中证全指指数量化增强A,指数型-股票,东兴基金,4.13,4.13,天天基金新成立基金 / AKShare,募集份额单位为亿份；按常见初始面值1元/份近似估算募集规模，非存续期每日净申购额
20260623,027595,东兴中证全指指数量化增强C,指数型-股票,东兴基金,4.13,4.13,天天基金新成立基金 / AKShare,募集份额单位为亿份；按常见初始面值1元/份近似估算募集规模，非存续期每日净申购额
20260623,027604,易方达中证工程机械主题ETF联接A,指数型-股票,易方达基金,3.0,3.0,天天基金新成立基金 / AKShare,募集份额单位为亿份；按常见初始面值1元/份近似估算募集规模，非存续期每日净申购额
20260623,027605,易方达中证工程机械主题ETF联接C,指数型-股票,易方达基金,3.0,3.0,天天基金新成立基金 / AKShare,募集份额单位为亿份；按常见初始面值1元/份近似估算募集规模，非存续期每日净申购额
20260623,027703,泰康中证有色金属矿业主题ETF发起式联接A,指数型-股票,泰康基金,0.12,0.12,天天基金新成立基金 / AKShare,募集份额单位为亿份；按常见初始面值1元/份近似估算募集规模，非存续期每日净申购额
20260623,027704,泰康中证有色金属矿业主题ETF发起式联接C,指数型-股票,泰康基金,0.12,0.12,天天基金新成立基金 / AKShare,募集份额单位为亿份；按常见初始面值1元/份近似估算募集规模，非存续期每日净申购额
20260624,027664,湘财新材料混合A,混合型-偏股,湘财基金,2.67,2.67,天天基金新成立基金 / AKShare,募集份额单位为亿份；按常见初始面值1元/份近似估算募集规模，非存续期每日净申购额
20260624,027665,湘财新材料混合C,混合型-偏股,湘财基金,2.67,2.67,天天基金新成立基金 / AKShare,募集份额单位为亿份；按常见初始面值1元/份近似估算募集规模，非存续期每日净申购额
20260625,027721,大成中证红利低波动100ETF发起式联接A,指数型-股票,大成基金,0.27,0.27,天天基金新成立基金 / AKShare,募集份额单位为亿份；按常见初始面值1元/份近似估算募集规模，非存续期每日净申购额
20260625,027722,大成中证红利低波动100ETF发起式联接C,指数型-股票,大成基金,0.27,0.27,天天基金新成立基金 / AKShare,募集份额单位为亿份；按常见初始面值1元/份近似估算募集规模，非存续期每日净申购额
20260626,027418,博时储能电池指数A,指数型-股票,博时基金,4.08,4.08,天天基金新成立基金 / AKShare,募集份额单位为亿份；按常见初始面值1元/份近似估算募集规模，非存续期每日净申购额
20260626,027419,博时储能电池指数C,指数型-股票,博时基金,4.08,4.08,天天基金新成立基金 / AKShare,募集份额单位为亿份；按常见初始面值1元/份近似估算募集规模，非存续期每日净申购额
20260629,027454,中欧中证科创创业50指数A,指数型-股票,中欧基金,6.15,6.15,天天基金新成立基金 / AKShare,募集份额单位为亿份；按常见初始面值1元/份近似估算募集规模，非存续期每日净申购额
20260629,027455,中欧中证科创创业50指数C,指数型-股票,中欧基金,6.15,6.15,天天基金新成立基金 / AKShare,募集份额单位为亿份；按常见初始面值1元/份近似估算募集规模，非存续期每日净申购额
20260629,027602,华泰柏瑞恒生生物科技ETF发起式联接A,指数型-股票,华泰柏瑞基金,0.16,0.16,天天基金新成立基金 / AKShare,募集份额单位为亿份；按常见初始面值1元/份近似估算募集规模，非存续期每日净申购额
20260629,027603,华泰柏瑞恒生生物科技ETF发起式联接C,指数型-股票,华泰柏瑞基金,0.16,0.16,天天基金新成立基金 / AKShare,募集份额单位为亿份；按常见初始面值1元/份近似估算募集规模，非存续期每日净申购额
20260629,027675,国泰上证科创板50成份ETF发起联接A,指数型-股票,国泰基金,47.76,47.76,天天基金新成立基金 / AKShare,募集份额单位为亿份；按常见初始面值1元/份近似估算募集规模，非存续期每日净申购额
20260629,027676,国泰上证科创板50成份ETF发起联接C,指数型-股票,国泰基金,47.76,47.76,天天基金新成立基金 / AKShare,募集份额单位为亿份；按常见初始面值1元/份近似估算募集规模，非存续期每日净申购额
20260630,026399,天弘安泰六个月持有期债券A,债券型-混合一级,天弘基金,2.46,2.46,天天基金新成立基金 / AKShare,募集份额单位为亿份；按常见初始面值1元/份近似估算募集规模，非存续期每日净申购额
20260630,026400,天弘安泰六个月持有期债券C,债券型-混合一级,天弘基金,2.46,2.46,天天基金新成立基金 / AKShare,募集份额单位为亿份；按常见初始面值1元/份近似估算募集规模，非存续期每日净申购额
20260630,027536,长城上证科创板芯片设计指数发起A,指数型-股票,长城基金,2.49,2.49,天天基金新成立基金 / AKShare,募集份额单位为亿份；按常见初始面值1元/份近似估算募集规模，非存续期每日净申购额
20260630,027537,长城上证科创板芯片设计指数发起C,指数型-股票,长城基金,2.49,2.49,天天基金新成立基金 / AKShare,募集份额单位为亿份；按常见初始面值1元/份近似估算募集规模，非存续期每日净申购额
20260630,027596,景顺长城中证有色金属矿业主题ETF联接A,指数型-股票,景顺长城基金,1.08,1.08,天天基金新成立基金 / AKShare,募集份额单位为亿份；按常见初始面值1元/份近似估算募集规模，非存续期每日净申购额
20260630,027597,景顺长城中证有色金属矿业主题ETF联接C,指数型-股票,景顺长城基金,1.08,1.08,天天基金新成立基金 / AKShare,募集份额单位为亿份；按常见初始面值1元/份近似估算募集规模，非存续期每日净申购额
20260701,027547,东方红智弘价值混合发起A,混合型-偏股,东方红资产管,0.12,0.12,天天基金新成立基金 / AKShare,募集份额单位为亿份；按常见初始面值1元/份近似估算募集规模，非存续期每日净申购额
20260701,027548,东方红智弘价值混合发起C,混合型-偏股,东方红资产管,0.12,0.12,天天基金新成立基金 / AKShare,募集份额单位为亿份；按常见初始面值1元/份近似估算募集规模，非存续期每日净申购额
20260702,027694,华夏中证电池主题ETF发起式联接A,指数型-股票,华夏基金,1.11,1.11,天天基金新成立基金 / AKShare,募集份额单位为亿份；按常见初始面值1元/份近似估算募集规模，非存续期每日净申购额
20260702,027695,华夏中证电池主题ETF发起式联接C,指数型-股票,华夏基金,1.11,1.11,天天基金新成立基金 / AKShare,募集份额单位为亿份；按常见初始面值1元/份近似估算募集规模，非存续期每日净申购额
20260707,026954,华夏中证全指食品ETF联接A,指数型-股票,华夏基金,3.36,3.36,天天基金新成立基金 / AKShare,募集份额单位为亿份；按常见初始面值1元/份近似估算募集规模，非存续期每日净申购额
20260707,026955,华夏中证全指食品ETF联接C,指数型-股票,华夏基金,3.36,3.36,天天基金新成立基金 / AKShare,募集份额单位为亿份；按常见初始面值1元/份近似估算募集规模，非存续期每日净申购额
20260707,027542,富国中证工业有色金属主题ETF发起式联接A,指数型-股票,富国基金,1.67,1.67,天天基金新成立基金 / AKShare,募集份额单位为亿份；按常见初始面值1元/份近似估算募集规模，非存续期每日净申购额
20260707,027543,富国中证工业有色金属主题ETF发起式联接C,指数型-股票,富国基金,1.67,1.67,天天基金新成立基金 / AKShare,募集份额单位为亿份；按常见初始面值1元/份近似估算募集规模，非存续期每日净申购额
20260707,027610,富国中证工程机械主题ETF发起式联接A,指数型-股票,富国基金,0.33,0.33,天天基金新成立基金 / AKShare,募集份额单位为亿份；按常见初始面值1元/份近似估算募集规模，非存续期每日净申购额
20260707,027611,富国中证工程机械主题ETF发起式联接C,指数型-股票,富国基金,0.33,0.33,天天基金新成立基金 / AKShare,募集份额单位为亿份；按常见初始面值1元/份近似估算募集规模，非存续期每日净申购额
20260707,027795,华泰柏瑞中证全指证券公司ETF发起式联接A,指数型-股票,华泰柏瑞基金,0.2,0.2,天天基金新成立基金 / AKShare,募集份额单位为亿份；按常见初始面值1元/份近似估算募集规模，非存续期每日净申购额
20260707,027796,华泰柏瑞中证全指证券公司ETF发起式联接C,指数型-股票,华泰柏瑞基金,0.2,0.2,天天基金新成立基金 / AKShare,募集份额单位为亿份；按常见初始面值1元/份近似估算募集规模，非存续期每日净申购额
20260707,027992,前海开源恒生港股通科技主题ETF发起式联接A,指数型-股票,前海开源基金,0.2,0.2,天天基金新成立基金 / AKShare,募集份额单位为亿份；按常见初始面值1元/份近似估算募集规模，非存续期每日净申购额
20260707,027993,前海开源恒生港股通科技主题ETF发起式联接C,指数型-股票,前海开源基金,0.2,0.2,天天基金新成立基金 / AKShare,募集份额单位为亿份；按常见初始面值1元/份近似估算募集规模，非存续期每日净申购额
20260709,028272,中金中证REITs全收益指数A,指数型-其他,中金基金,3.0,3.0,天天基金新成立基金 / AKShare,募集份额单位为亿份；按常见初始面值1元/份近似估算募集规模，非存续期每日净申购额
20260709,028273,中金中证REITs全收益指数C,指数型-其他,中金基金,3.0,3.0,天天基金新成立基金 / AKShare,募集份额单位为亿份；按常见初始面值1元/份近似估算募集规模，非存续期每日净申购额
20260715,027838,东财汇裕嘉选债券A,债券型-混合二级,东财基金,2.03,2.03,天天基金新成立基金 / AKShare,募集份额单位为亿份；按常见初始面值1元/份近似估算募集规模，非存续期每日净申购额
20260715,027839,东财汇裕嘉选债券C,债券型-混合二级,东财基金,2.03,2.03,天天基金新成立基金 / AKShare,募集份额单位为亿份；按常见初始面值1元/份近似估算募集规模，非存续期每日净申购额
